mean_fit_time,std_fit_time,mean_score_time,std_score_time,param_max_depth,param_eta,params,split0_test_score,split1_test_score,split2_test_score,mean_test_score,std_test_score,rank_test_score
0.7337052822113037,0.060531891559066305,0.01063696543375651,0.0024887988248896214,6,0.08,"{'max_depth': 6, 'eta': 0.08}",0.6083333333333334,0.7347368421052631,0.7557894736842106,0.6996198830409357,0.06511901382463053,4
0.6276551087697347,0.04003848705272058,0.01196757952372233,0.004953505612913114,3,0.1,"{'max_depth': 3, 'eta': 0.1}",0.6395833333333334,0.751578947368421,0.7494736842105263,0.7135453216374268,0.0523060851696508,1
0.7110982735951742,0.030944392466797806,0.014628012975056967,0.006581764280966747,5,0.08,"{'max_depth': 5, 'eta': 0.08}",0.6083333333333334,0.7347368421052631,0.7557894736842106,0.6996198830409357,0.06511901382463053,4
0.6741966406504313,0.05130266762940415,0.008977651596069336,0.0008136148737237112,6,0.1,"{'max_depth': 6, 'eta': 0.1}",0.6208333333333333,0.7410526315789474,0.7473684210526316,0.7030847953216375,0.05821769231988416,3
0.740353504816691,0.052523733193998806,0.01329803466796875,0.007566555871760542,3,0.08,"{'max_depth': 3, 'eta': 0.08}",0.65625,0.7557894736842105,0.7263157894736841,0.7127850877192983,0.041747947037804656,2
